Rendimento;Peso
600;237
1512;237
800;237
1500;237
4000;238
1000;237
700;237
1000;237
5000;237
5000;237
500;237
1200;237
1860;238
5000;237
1627;237
1000;237
1500;237
1396;237
1050;237
1050;237
465;237
2500;237
2500;237
1200;237
465;237
930;238
930;237
10000;237
600;237
10000;237
1200;237
4700;237
1500;237
1500;237
3000;237
900;237
600;237
1000;237
800;237
880;237
3000;237
700;238
2000;237
3000;237
1000;237
3000;237
1800;238
1800;237
650;237
465;237
3000;237
500;237
1200;237
8000;237
98000;237
5000;237
4000;238
15000;237
1500;237
2500;237
500;237
500;238
600;237
5000;237
5000;237
6000;237
2500;237
12000;237
4000;237
1000;237
3000;237
3000;237
2000;237
2000;237
1000;237
680;237
3000;237
1000;237
4500;237
1500;237
495;237
3000;237
3000;237
500;237
4650;237
3500;237
800;237
545;237
2000;238
1000;237
2000;237
3500;237
3000;237
2000;237
800;237
5000;238
2000;237
7500;237
1500;237
1200;237
2000;237
8000;237
3000;187
465;187
500;186
1000;187
500;187
850;186
57000;237
1200;237
5000;237
6000;237
2500;200
1000;200
700;200
1800;200
165000;200
1500;200
2000;200
800;200
2000;200
3000;200
5000;200
3000;200
1200;200
5000;200
40000;200
10000;201
1000;200
5000;200
5000;200
10000;200
8000;201
8000;200
1600;200
15000;200
7000;200
5000;200
2800;200
1500;200
900;200
7000;200
9000;200
15000;200
1200;200
1500;200
85000;200
2000;200
3000;200
98000;200
930;200
6000;200
700;200
800;200
1500;91
600;93
15000;200
3000;324
2000;324
2500;323
450;324
1500;324
10000;324
1000;324
3000;324
2000;324
3000;324
3000;324
900;324
4000;324
900;324
7000;324
1000;324
1500;324
6000;324
1800;324
2000;324
1000;324
2000;324
600;324
800;324
2000;324
3000;324
1700;324
6000;324
10000;324
3000;324
1500;324
2000;323
400;324
1500;324
1500;324
4000;324
4500;324
700;324
1400;324
1000;324
1300;324
3000;324
1105;324
700;323
1000;324
3000;324
1200;324
2000;324
700;324
2200;324
10000;323
8000;324
750;324
800;324
4000;324
5000;324
4500;324
2700;324
5000;324
10000;324
10000;324
1500000;324
10000;324
5000;324
1000;324
500;324
3500;324
4000;324
4000;324
1000;324
1300;324
8000;324
1200;324
3000;324
1800;324
1000;324
3000;324
3000;323
4000;324
1500;324
800;324
10000;324
930;324
7500;324
2000;324
1200;324
1500;324
2500;324
4000;324
4000;324
1720;324
1500;324
1200;324
4000;324
5000;324
465;324
300;324
2000;324
3000;324
150000;324
250000;324
470000;303
2000;342
1000;304
1000;303
500;324
5000;324
1200;323
17000;324
9000;324
1000;324
1200;324
4000;324
800;167
700;167
8000;166
1500;167
3000;167
2000;166
4000;167
1200;167
1000;167
1500;166
3000;167
2500;166
1200;167
1000;166
550;167
1200;166
800;167
3000;167
1000;167
500;167
300;210
1200;167
1000;167
6000;166
1500;511
465;511
1100;511
1000;512
1000;512
400;511
1000;512
600;511
900;196
4000;197
2000;197
500;197
7000;197
2200;197
1500;197
1000;197
800;197
1500;197
2000;197
118000;197
1500;197
1000;197
500;197
1200;197
400;197
1500;197
2000;197
2000;197
4000;197
5000;197
500;197
7000;197
1200;197
1200;197
1000;197
800;197
300;197
3000;512
2000;512
4200;511
900;511
2000;511
1000;197
3000;197
4000;197
25000;197
1200;197
7000;196
4200;197
2000;197
2000;197
2000;197
4000;197
4000;196
5000;197
2000;197
2000;197
6500;196
2500;197
4000;197
2000;197
6000;197
9000;197
20000;197
1000;197
3000;197
3500;197
1200;197
1000;197
2000;197
1000;197
500;197
1000;197
2000;197
3500;197
1200;197
1500;197
8000;197
6500;197
450;197
4500;197
2000;197
1200;197
350;197
6000;197
800;197
1000;197
2000;197
1395;197
6500;197
930;197
2000;196
800;197
700;197
500;197
4000;197
2500;197
1200;197
2500;197
450;196
450;197
1000;197
2000;197
3000;197
2000;197
2000;197
8000;197
8000;197
3000;197
3000;197
1500;196
3000;197
500;197
850;197
1000;197
1000;196
450;197
1000;197
400;197
1100;197
10500;197
500;197
5000;197
3000;197
300;197
8900;197
8000;197
500;197
2000;197
10000;197
2000;197
700;197
700;197
800;197
300;197
600;197
600;511
4000;512
3218;511
3218;511
1300;511
2000;511
800;512
4000;511
5000;512
4000;511
460;512
1200;512
400;511
360;511
2000;511
1500;511
2000;511
2000;512
450;511
2000;511
697;511
1000;512
1000;511
600;512
600;511
300;512
300;511
2000;512
2500;512
930;512
1000;511
1000;511
1110;511
1000;511
2000;512
500;511
30000;511
3600;511
60000;511
1500;511
5000;512
900;511
1000;512
1000;512
500;511
500;512
6000;512
650;511
7000;511
1500;512
600;512
900;511
1200;512
1500;511
500;512
3000;511
10000;511
10000;512
5000;511
5000;511
500;511
900;511
700;511
1500;512
3000;197
2000;197
1000;197
1100;197
2200;512
2500;511
900;511
1000;512
400;511
2500;511
2000;511
8750;511
950;512
2000;512
800;512
1200;512
1200;511
3500;511
4500;512
1200;511
600;512
2500;511
1200;511
500;511
2000;512
1200;511
3000;511
1860;512
2000;512
400;512
1000;512
1700;512
400;511
1200;511
900;511
2000;512
1500;511
6000;511
1200;511
1500;511
1800;511
800;511
1395;512
2000;512
500;278
3500;662
3000;662
2000;662
1500;662
980;662
2000;662
3000;198
2000;198
300;359
9000;278
300;362
200;278
300;278
300;278
300;278
850;278
3000;278
500;326
1000;326
3000;326
5500;278
3000;278
500;793
350;340
1200;511
200;197
3500;512
2000;512
1500;511
2000;511
4000;512
3000;511
3000;197
10000;197
5000;197
900;662
600;662
750;662
600;326
2000;662
10000;197
5000;197
1200;197
7500;511
520;263
1500;262
3750;262
5600;262
3800;262
1400;262
4300;262
2200;263
2200;262
1200;262
2500;262
1600;262
3500;262
1000;263
8600;263
600;263
1800;263
2000;262
800;262
2200;262
870;263
3200;262
6500;263
2500;263
2200;262
2500;263
4650;262
710;16
670;15
2000;16
650;15
3000;262
6000;262
6500;262
950;262
250;225
5000;225
2500;226
2500;225
8000;225
5000;226
2000;225
1500;225
2000;225
3600;225
1500;225
200;225
3000;226
1500;225
600;225
600;226
12800;225
600;226
1200;226
3000;226
2000;225
850;226
2000;225
1500;226
700;225
2200;226
3000;226
2000;226
3000;225
3000;225
1500;226
1500;225
3000;225
3500;226
3000;226
5000;226
1500;226
1000;226
2500;226
3000;226
5000;226
7000;225
450;226
1300;225
1300;225
8000;226
2500;226
1600;225
5000;226
2500;225
5000;225
5000;226
3000;226
1500;225
1500;226
4000;225
4000;225
2325;226
2325;225
1400;226
800;225
1300;225
4500;225
800;226
1200;225
1000;226
1000;225
900;225
800;225
800;225
6000;226
6000;225
3000;225
3000;225
1000;225
4000;226
5500;225
3200;226
4000;226
7000;226
1200;225
1000;226
2000;226
1800;226
2200;225
1000;225
1000;225
900;225
3000;225
1500;226
1000;226
1200;225
1200;895
2000;896
2000;896
2500;896
2500;895
10000;895
2000;896
1200;895
800;895
930;896
2000;896
1300;896
3000;896
1917;895
1800;896
2320;896
4600;896
2310;895
450;896
450;896
2000;895
1000;896
1800;896
1000;895
1000;896
900;896
7300;896
3000;896
600;896
2500;896
1200;895
800;895
3000;895
4000;895
2000;896
1000;896
5000;895
600;895
480;896
600;895
930;896
1000;896
350;896
800;896
4000;895
1500;896
8000;895
800;896
500;895
500;896
1000;895
300;896
2000;896
2500;895
5000;895
5000;895
2000;896
6000;896
20000;896
1000;896
465;896
900;896
500;896
1500;896
1000;895
600;896
1800;896
1500;895
2500;895
1500;895
1000;896
500;895
2000;895
1000;895
1500;895
900;896
2000;895
450;895
5000;895
600;896
5000;895
2000;895
1200;546
800;546
300;546
840;546
840;545
2000;546
2500;546
2000;546
700;546
650;546
2000;546
200;546
1500;546
800;546
2600;546
2000;546
2000;546
800;546
1200;546
500;546
1500;546
4000;546
500;546
600;546
800;546
465;546
1100;546
600;546
930;546
1700;546
800;546
1000;546
3400;546
750;546
750;546
5000;546
4000;546
300;546
300;546
2000;546
5000;546
10000;546
2000;546
2000;546
1500;546
20000;545
2000;546
2000;546
400;546
4000;546
1000;545
1500;546
500;509
465;509
650;509
800;510
3000;510
825;510
700;510
1200;510
1000;222
650;223
600;222
930;222
6000;222
1000;222
300;510
2000;510
800;509
4000;510
200;509
400;509
1200;510
2000;510
5000;510
2000;510
2000;509
1000;510
600;510
930;510
2000;222
700;222
300;222
1750;223
2600;223
800;222
500;223
450;222
450;222
500;510
500;509
1300;510
3000;509
1500;510
15000;222
2300;223
3000;222
1200;222
2325;222
2000;223
2000;223
512;222
3000;222
2000;222
600;223
450;222
500;222
400;222
850;222
800;222
2000;222
750;222
750;222
7000;222
3500;222
465;222
700;222
3000;222
5000;222
900;222
2500;222
600;222
3000;222
3000;222
3000;222
2000;222
3000;222
3600;222
1500;222
3000;222
6000;223
5000;222
3000;222
8000;222
6000;223
2000;223
2000;222
10000;222
10000;223
2500;222
5000;222
3000;222
2500;222
8000;222
3000;222
60000;223
3500;223
1200;222
3000;222
1500;222
10000;223
3000;223
4000;223
1500;223
4000;222
5500;222
10000;222
8000;222
7000;223
5000;222
20000;222
930;222
9300;223
1860;222
8500;222
6000;223
13000;223
13000;222
465;223
700;222
1000;222
2000;222
2000;222
465;222
1000;222
1000;222
1500;223
3500;222
2000;222
1100;222
1500;223
1800;222
500;223
2000;222
800;222
4000;222
20000;223
3000;222
3000;222
1800;222
1000;222
2000;222
465;222
6500;222
6000;222
14000;222
4000;222
3000;222
7000;222
1000;222
3000;222
7000;222
1000;223
2500;223
2500;222
1500;222
5000;223
1500;222
3000;222
10000;223
2500;223
4500;223
600;223
2000;222
4000;222
700;222
700;222
2500;222
2500;222
2000;222
2000;222
2000;222
2500;222
2000;223
2500;223
2000;222
800;222
3000;223
1000;222
500;223
400;222
1000;223
700;223
2000;222
1200;222
600;222
1000;222
600;223
3000;222
1000;222
2000;222
2000;222
970;223
1200;222
2000;223
5000;222
6500;223
900;222
15000;222
10000;223
2000;222
500;222
500;222
1400;222
465;222
5000;222
750;222
750;223
800;222
1500;222
2000;223
4500;222
1500;222
465;222
900;223
3000;222
800;222
1200;222
1500;222
1000;223
700;222
2000;222
2000;222
5000;222
600;223
465;222
3000;222
3000;223
1500;222
900;223
4000;222
2400;222
300;223
2000;222
4000;222
1200;222
3500;223
2000;223
10000;222
3000;223
700;222
2000;223
3000;222
1000;222
3000;223
1200;222
6000;223
2000;222
800;222
450;222
1500;223
1700;222
1200;222
3000;222
2500;222
2000;223
1500;222
4000;223
3000;222
300;510
920;509
5000;510
2000;509
465;510
900;510
1500;510
800;510
750;510
500;222
1000;222
1100;510
500;509
465;510
465;510
1100;510
600;510
300;510
465;510
5000;509
510;510
600;510
1500;509
300;510
1500;509
4600;509
2500;510
500;509
1300;510
3000;510
450;509
3500;223
500;222
800;222
2000;222
2000;222
1200;222
1200;222
600;222
1500;222
3000;223
3500;222
300;222
2000;222
3000;223
1000;510
1200;510
2500;509
2500;510
1200;222
4000;222
2000;222
3500;223
400;223
1500;510
930;510
465;510
450;510
329;222
1000;509
1500;510
465;510
800;510
1100;510
6000;509
3000;509
2500;510
2000;510
1000;510
465;509
4650;510
4650;509
3000;510
3000;509
10000;509
465;510
2000;510
1500;510
500;510
200;510
1000;510
400;510
465;509
2326;222
1500;223
2300;222
2500;222
2500;222
3000;509
1000;222
1500;222
3000;222
1500;223
4000;222
1500;510
5000;222
3000;222
3500;222
7500;223
5000;222
9000;222
1500;222
1500;222
9000;222
2000;222
5000;489
2800;489
2000;489
300;489
500;490
1000;490
3000;490
2000;490
1800;489
2000;489
2000;489
2000;489
1000;489
1500;489
400;489
930;489
700;489
200;489
4000;489
1200;489
1000;489
1000;489
5000;489
5000;490
1000;490
600;490
5000;489
2100;489
800;489
5000;489
2000;489
1500;490
500;489
3000;490
1000;489
10000;489
3000;490
2000;489
1000;489
3000;489
930;489
550;489
500;490
1300;490
3000;489
2000;490
800;489
1200;489
1000;490
750;489
2000;490
2550;490
1200;490
4000;490
2000;489
10000;489
3000;489
3000;489
2000;489
2500;489
2100;489
4000;489
2000;489
2500;490
1400;490
10000;490
1000;489
6000;489
10000;489
10000;490
3000;490
6000;489
5500;489
2000;489
3000;489
10000;489
3000;489
6000;490
600;489
600;489
1200;489
3000;489
5000;489
2500;489
1200;490
3000;489
2000;489
465;490
500;489
800;489
2200;489
2500;489
6000;490
5000;490
220;489
550;489
400;489
800;489
4500;489
3000;490
8000;490
650;502
3000;502
1200;502
800;502
700;502
1800;502
1000;502
6000;502
5000;502
5000;502
1000;501
1400;502
600;502
3000;502
2000;502
1000;502
1500;502
1000;502
2000;502
1500;502
1000;501
1500;502
2000;502
2000;502
930;502
940;502
600;502
500;502
1600;502
2000;502
1000;502
3000;502
6000;502
3000;502
3000;502
3000;502
5500;502
8000;502
2824;502
1000;502
900;502
2000;502
15000;502
930;501
2000;502
1500;501
2000;502
465;502
2000;502
1200;502
880;502
3000;502
500;502
1000;502
700;502
600;502
465;502
2000;502
6000;502
1300;502
3542;502
1600;502
800;502
2000;501
3800;502
7000;502
750;502
1500;502
8000;502
1800;502
2000;501
600;502
1200;502
1000;502
3500;502
12000;502
90000;502
4650;502
3000;502
5000;502
1225;502
600;502
3688;502
2981;502
2556;502
3580;502
5000;502
2200;244
1500;244
1500;244
700;553
2000;553
1800;553
1000;553
3500;553
1000;553
2000;553
500;553
14000;553
1000;553
1800;244
500;244
1800;244
6000;244
2500;244
500;244
3000;244
1000;244
1400;553
1000;553
1000;553
1200;553
1200;553
5000;553
2000;553
3500;553
900;553
600;553
700;553
500;553
1000;553
800;552
800;553
350;553
900;552
950;553
300;553
500;553
500;553
1920;553
2000;553
500;553
600;553
2500;553
2000;244
2500;244
2500;244
3000;244
10000;243
1200;244
1800;244
2000;244
2000;244
1000;553
1500;553
500;553
2000;243
2300;244
2500;244
1500;244
500;244
1000;244
15000;244
7000;244
15000;244
3000;244
2000;244
2000;244
1100;244
3000;244
1500;244
3000;244
1200;244
800;244
1200;244
2000;244
900;244
465;244
800;244
500;244
800;244
1000;244
465;244
930;244
2000;243
1700;244
550;244
1000;244
2000;243
500;244
1000;553
465;553
2000;244
2000;244
2000;244
2000;244
3000;244
4000;244
2000;244
1750;244
800;244
2000;244
1000;244
5000;244
1200;244
2000;244
600;244
1000;244
3500;244
3000;244
2000;244
1200;244
1900;244
800;553
2200;552
1000;244
1000;244
10000;244
465;244
2000;244
700;244
6000;243
1600;553
600;553
2500;553
465;553
900;553
900;553
2000;553
4000;553
1000;553
800;553
1500;553
1000;553
2227;553
2227;553
2227;553
2500;553
2000;244
2000;244
1200;244
800;244
2500;244
3000;244
500;244
2500;243
6000;244
4000;243
1500;243
2500;244
1100;244
10000;243
2500;244
10000;244
400;244
1200;244
10000;244
1500;244
2000;244
2000;244
2000;244
2000;244
2000;244
2200;243
6000;244
5000;243
5000;244
5000;243
300;244
8000;244
8000;244
1000;244
6000;244
13950;244
1000;244
2000;244
900;243
2000;244
1500;244
6000;244
5000;243
4500;244
1500;244
2000;244
2000;244
1500;244
15000;244
3000;244
2500;244
15000;244
5000;244
2000;244
930;244
255;244
1200;244
800;244
1200;244
1300;244
850;243
300;244
1000;243
2500;243
7000;243
2000;243
1500;243
800;244
1500;244
1300;244
2000;243
1000;244
980;243
1700;244
800;244
700;244
1000;244
450;244
2000;244
2000;244
2000;244
2000;244
2000;244
2600;244
1200;243
20000;244
1000;243
15000;244
1500;244
3000;244
7000;244
2000;244
2000;244
20000;243
2000;243
2500;244
3000;244
2000;244
2500;244
2500;244
3000;244
3000;244
2000;244
3000;244
500;553
1000;553
700;553
1200;552
3000;553
1400;244
700;244
800;244
465;244
800;243
600;244
700;244
465;553
1200;553
500;553
1000;244
1300;244
8500;244
800;244
2000;243
5000;244
3000;244
465;553
930;553
786;553
1800;244
800;553
3000;244
6000;244
12000;553
10000;244
30000;244
6000;243
5000;244
15000;244
1000;244
6000;243
6000;244
950;536
465;535
1500;536
2000;536
800;536
900;536
1500;536
1000;535
900;536
1200;536
3000;536
2500;535
10000;536
3000;535
6000;536
2200;536
1700;536
4500;536
1800;536
1000;536
4000;536
1000;536
3000;536
8000;536
500;536
700;536
4550;536
4000;536
7000;536
10000;536
1400;536
2000;536
700;536
2300;535
800;535
400;536
450;536
1500;536
800;535
2000;536
2000;536
450;535
2500;536
3000;536
2000;536
2500;340
2500;340
3500;340
1000;340
935;340
1800;340
1850;340
4000;340
4000;340
20000;340
8000;340
3000;340
1500;340
1500;340
1400;340
1900;340
3000;340
3000;340
8000;340
3000;340
3250;340
650;340
800;340
600;340
1100;340
2000;340
2000;340
1000;340
300;340
500;340
1000;339
900;340
600;340
2000;340
1500;340
1300;340
1000;340
500;340
2300;340
1000;340
1000;340
2000;340
2000;340
1200;340
1700;340
2000;340
8000;340
3000;340
1000;340
3000;340
1500;340
2000;340
1200;340
450;340
600;340
700;340
465;340
2000;340
800;340
600;340
950;340
4000;340
4000;340
1100;340
2000;340
9000;340
4000;340
4500;340
900;522
3000;521
500;521
1000;521
1500;521
2000;521
2000;522
2000;522
2000;521
800;521
1700;521
1000;521
1000;522
500;521
600;521
800;521
930;521
1000;240
600;240
500;240
1500;240
3000;240
500;241
2000;522
2000;521
1200;521
800;522
800;521
750;522
300;521
500;521
4000;521
500;522
1000;522
10000;521
1500;521
3500;521
1000;522
2000;521
1200;521
800;521
2500;521
5000;521
930;522
600;521
3200;521
5000;521
1600;521
1000;521
650;521
2000;521
3000;522
2350;521
270;521
700;522
3000;521
3000;521
1500;521
3500;521
2000;521
1500;521
400;521
400;522
1500;522
200;522
1395;521
1000;522
1395;521
1000;521
3255;521
900;521
1000;521
2000;521
1500;521
8000;521
1395;521
900;521
900;521
2000;521
1000;521
1000;521
1500;521
2500;521
3000;521
3255;521
650;522
1800;521
900;522
10000;522
2800;521
2800;521
3000;521
4650;521
1000;521
912;522
5000;240
900;240
1300;521
1160;521
1200;522
5000;521
1200;521
500;521
800;522
6000;521
800;521
1400;521
500;521
1500;521
4000;521
800;521
5000;521
5000;521
2000;521
550;521
550;521
5000;521
1100;521
1250;521
3100;521
640;521
1000;522
200;521
1200;521
1500;521
931;521
600;522
4000;521
2400;522
1200;522
800;521
700;521
4000;521
3000;521
930;240
1500;240
10000;240
1500;240
3000;240
2000;240
4000;241
2000;240
2500;240
940;240
930;240
2000;240
600;240
1500;241
800;241
750;240
7000;240
2000;241
5000;240
20000;240
7000;241
1200;241
45000;240
4000;241
10000;240
300;240
4000;240
4000;240
7000;240
10000;240
3000;240
2000;240
4500;241
6000;240
2500;240
780;240
1200;241
70;241
700;522
1000;522
250;521
300;521
730;521
200;521
450;521
1000;521
1000;521
800;522
800;522
1200;521
600;521
1500;522
1000;521
4500;521
1300;521
7000;521
500;521
3000;521
1500;522
200;521
4500;521
1000;521
1000;522
1000;521
900;521
200;521
800;522
2500;521
1500;521
1200;521
600;521
1200;521
500;521
400;521
250;521
5000;522
700;522
465;521
1500;521
2000;521
7000;521
2000;240
600;241
1000;240
1500;240
40000;240
8000;240
5000;240
5000;241
10000;240
5000;240
8000;240
1500;240
6000;240
5000;240
3000;240
12000;240
9300;240
9300;241
4000;240
10000;240
6000;240
10000;240
1500;240
2000;240
1100;240
465;240
1500;240
2500;241
1500;241
2000;240
2500;240
2000;240
1200;240
2000;240
2000;240
1200;240
900;240
3000;241
2000;241
4000;240
3000;240
465;240
465;240
650;240
1500;241
3000;241
3000;240
1800;240
3500;240
5000;241
4500;241
2000;240
1000;240
1000;240
2000;240
3000;240
6000;240
5000;241
5000;240
2000;240
400;240
8000;240
4000;240
4000;240
465;241
3000;240
800;240
5000;240
2500;240
800;241
450;240
3000;240
2000;240
465;240
1500;240
2500;240
5000;240
15000;240
4000;240
1000;240
1000;240
1500;240
3000;240
3000;240
3000;240
3000;240
500;240
465;240
700;240
930;240
1250;240
1250;240
480;240
700;241
500;240
300;240
1000;241
1500;240
230;240
1800;240
3000;241
1000;240
2000;240
7500;240
1800;241
1500;240
910;241
1500;240
1500;240
2500;241
900;240
500;240
3000;241
465;240
2000;240
20000;240
200;240
4000;240
465;240
2000;240
2300;240
1000;240
500;240
1100;240
1200;240
200;240
4000;241
1200;240
2000;240
1500;240
900;240
1000;240
600;240
700;240
2000;240
2000;240
600;240
7000;240
3200;240
2500;240
1000;240
3200;240
1500;240
850;240
800;241
2500;240
1200;240
710;240
930;240
1500;240
5000;241
2500;240
1500;240
3000;240
2000;240
700;240
2000;241
2000;240
1200;240
1600;240
700;240
2500;240
1500;240
1400;240
1000;240
2500;240
2500;240
1017;240
2000;240
2200;240
1000;240
3000;240
1000;240
2550;240
2500;240
1000;240
520;240
900;240
5000;240
5000;240
5000;240
3000;240
3000;240
800;241
3000;240
3000;240
7000;240
4000;240
5000;240
1500;240
2500;240
2000;241
3000;240
3000;240
5000;241
15000;240
10000;240
10000;240
4000;240
6000;240
2000;240
2200;521
950;521
1000;522
1500;521
465;521
465;521
480;521
2000;521
5000;521
1500;240
500;240
2000;521
2000;521
10000;522
1800;521
500;522
1500;240
1500;240
500;240
300;240
1300;240
800;240
930;240
960;241
1200;240
2000;240
2000;241
5000;521
1200;522
200;521
800;522
1200;521
2000;521
1500;521
2000;521
600;521
5100;521
5100;522
3500;521
3000;522
1300;521
2000;522
300;522
2000;522
850;521
1200;521
520;521
1500;521
900;521
465;240
600;240
1000;240
2200;522
3892;521
5000;240
1500;521
2500;521
1500;522
6000;241
5000;240
5000;240
700;240
700;240
1500;240
1500;240
1200;522
2000;522
8000;241
10000;240
1500;240
1000;240
4000;240
2000;521
10000;241
8000;240
8000;240
5000;521
600;613
1000;613
2000;614
500;613
3000;613
3000;613
2000;614
2000;613
16000;613
15000;614
1000;613
2500;613
1500;614
1500;614
5000;614
7000;613
2000;613
5000;613
3000;613
3000;613
2500;613
1500;614
2500;613
4000;613
4000;613
300;613
3500;613
2200;613
4000;613
2500;613
10000;613
1500;613
3000;614
1000;613
4000;613
1000;613
465;613
465;613
1300;613
1800;613
1400;613
3000;613
500;613
2500;613
2000;613
1500;613
1000;613
3000;613
3000;613
10000;613
4000;614
2500;613
5000;613
2000;613
1200;613
2400;613
1800;613
1000;613
1500;613
1500;614
7000;401
2500;401
2000;401
1000;401
5000;401
1000;401
3000;401
1200;401
1200;401
4000;400
5000;401
3500;401
8000;400
25000;401
8200;400
4600;401
4700;401
3800;400
12000;401
24000;401
1000;401
465;401
6000;401
2500;401
8000;401
3000;401
5000;401
3500;401
4000;401
1500;401
3500;400
4000;401
3000;401
6000;401
6000;401
12000;401
4000;401
25000;401
9000;401
15000;401
8000;401
9300;401
9000;401
7000;401
3000;401
1000;400
1300;401
9300;400
2000;401
300;401
2000;401
4000;401
465;401
2000;401
465;401
2000;401
1500;401
2000;401
1000;401
500;401
1000;401
1000;401
800;401
7000;401
3500;401
5000;401
5000;401
1500;401
2500;401
5000;401
4000;401
1100;401
1800;401
300;401
4000;401
4000;401
5000;401
900;401
3000;401
6000;401
2300;400
2000;401
7000;401
5000;401
3550;401
3200;401
3000;401
4200;401
1400;401
3000;401
5000;401
4500;401
4000;401
6000;401
3200;401
2000;401
5200;401
1200;401
930;401
2000;401
3200;400
2300;401
7300;401
2500;401
2500;401
8000;401
15000;401
5500;401
1500;401
1600;401
4800;401
10000;401
1200;401
8000;401
3000;401
3200;401
3200;401
3100;401
3000;401
2500;401
1000;401
2000;401
1600;401
2300;400
2200;401
4700;401
5500;401
3000;401
1400;401
2000;401
2100;401
980;401
3000;401
3000;401
5000;401
4000;401
3000;401
3000;401
2000;401
2300;401
1000;401
1000;401
500;401
2500;401
700;401
930;401
4000;401
2500;401
5000;401
3000;400
700;401
8000;400
2300;401
450;401
3000;401
1300;401
3000;401
9000;400
3000;401
800;401
2000;400
5000;401
2500;401
700;401
3200;401
1200;400
5000;400
465;401
2600;401
1000;401
1250;401
1000;401
800;401
1200;400
800;400
3000;401
2000;401
1200;401
2000;401
1500;401
1320;401
1500;401
465;401
800;401
2000;401
700;401
600;401
500;401
2000;401
1500;401
1000;401
700;401
1000;614
800;613
2000;613
400;613
465;614
465;614
800;613
1000;613
600;401
800;401
1800;401
500;401
465;401
300;401
700;613
6000;614
1250;614
2000;613
900;613
3000;613
4000;613
1000;614
2500;613
1300;613
510;614
1350;613
2000;613
2000;613
800;613
4000;613
1200;613
8000;613
2000;613
2000;614
600;614
12000;613
3000;614
465;613
1500;613
800;613
1500;613
2000;613
6000;613
1000;613
3500;401
2500;401
2500;400
4500;401
800;401
1600;401
2500;401
2000;401
2000;401
1000;401
1000;401
5000;401
900;401
2750;401
1500;401
3000;401
6000;401
800;401
700;401
2000;401
1500;401
1600;400
4000;401
4000;400
1800;401
2250;401
650;401
3000;401
1000;401
1400;401
1750;401
4250;401
2000;401
2650;401
10500;401
900;401
1000;613
1200;614
900;613
1000;613
1200;613
1500;614
500;613
10000;614
2000;613
2300;613
8500;614
1500;613
3000;613
3000;613
600;613
1300;400
1500;614
1500;614
1000;613
1000;613
700;614
1600;613
3500;613
2200;613
2500;613
3000;613
4000;614
3000;613
1800;613
2500;613
800;613
1500;613
1500;613
5000;614
2600;613
1000;613
2000;614
3000;613
1400;613
1500;613
930;613
1500;401
1500;401
1300;400
700;613
950;613
1200;613
3000;613
850;613
1000;613
1200;614
465;613
1500;614
1000;613
700;613
1200;613
1000;613
1200;613
7000;613
8000;613
2000;614
2500;613
3500;613
600;614
697;613
2000;614
2000;613
2000;613
4000;613
1800;613
1500;613
5000;613
500;613
500;613
2000;613
500;613
1000;613
2000;613
1200;614
1500;613
750;614
1000;613
1000;613
750;613
750;613
400;613
1200;613
1200;613
1200;613
5000;614
1500;613
1000;613
1200;613
1000;614
1000;613
3000;613
3000;613
465;613
600;614
1560;614
200;401
1240;613
6000;614
6000;614
2000;613
10000;613
500;613
10000;613
1500;613
500;614
2000;614
4000;613
1500;614
465;613
1200;613
700;614
7000;613
600;613
4500;613
600;614
1000;613
465;614
2000;613
1200;613
1500;613
900;613
2500;614
600;613
1000;613
1800;613
2000;613
3000;613
6000;613
2200;613
600;613
930;613
2200;613
5000;613
4000;613
2500;614
2500;613
1245;613
2000;614
1200;613
700;613
1800;613
2000;613
1100;613
1395;613
1200;614
900;614
1500;614
2000;614
900;614
465;614
1200;613
4000;401
2000;401
2800;401
1000;400
3000;401
1400;613
3000;613
4000;613
2500;613
700;613
5000;613
930;614
1600;613
2100;613
1000;613
1000;613
1200;613
1500;613
1200;613
1300;614
3000;614
1000;614
1200;613
900;614
1500;613
1500;613
1200;613
950;401
500;401
4000;401
3500;401
3000;401
3500;401
2000;613
2000;613
3000;614
3000;613
3000;613
2500;614
1300;614
1200;613
800;613
2000;613
3000;613
4000;613
900;614
5000;613
10000;613
5000;613
700;613
600;613
1000;613
465;614
465;613
930;614
720;613
10000;613
3000;613
900;613
1500;614
1500;613
2000;613
2000;400
3000;401
2500;401
6000;614
1100;613
465;613
1400;613
800;614
690;613
1200;613
1800;613
930;614
750;613
930;613
7500;613
2000;613
1700;613
1000;613
1200;613
2000;614
2500;613
3000;613
1000;613
1200;614
930;613
1500;613
2000;613
3000;613
3000;613
4000;613
2400;613
2000;613
1500;613
1500;613
700;613
2000;613
1000;614
1000;613
1200;613
700;613
1300;613
3000;614
3000;401
1200;400
1500;401
1500;400
600;613
2500;613
3000;613
465;401
800;401
1300;401
600;401
2000;401
400;401
500;613
2000;401
1000;400
2000;401
2500;401
2500;401
930;614
1000;613
2400;613
3000;613
5000;614
4000;613
465;613
4000;613
2500;613
800;614
2200;613
5000;613
2000;614
920;614
1000;613
1300;613
3000;613
4700;613
6000;613
2000;613
1600;613
1600;613
1200;614
4100;613
3000;613
2100;613
8000;613
2500;613
1050;613
1500;614
1900;613
500;614
1300;613
990;613
900;613
480;613
900;613
1980;613
1500;613
465;613
800;613
1500;613
2500;614
800;613
4000;613
3000;614
3000;613
1000;613
2000;614
3000;613
2000;613
4000;614
800;613
4000;613
800;613
750;613
750;613
465;613
465;613
800;613
1500;613
1500;613
5000;613
13000;613
600;613
1200;613
1700;614
5000;613
4000;613
800;613
5000;614
800;614
3000;613
2000;613
700;613
8000;613
500;614
2000;613
2000;613
5000;613
3000;613
2500;613
80000;613
5000;613
5000;614
2000;613
2500;613
3000;613
3500;613
9300;613
1400;613
2500;613
3500;614
10000;613
2500;613
3500;614
1000;613
4500;614
20000;613
4000;614
465;613
1500;401
700;613
15000;614
5000;613
700;613
2000;401
2000;401
1100;613
950;613
500;401
1000;401
8000;401
4000;401
2000;401
3000;401
8000;401
3000;401
2000;401
1500;401
1800;613
4000;613
1500;614
1500;614
2000;613
2000;613
2000;613
931;613
1500;614
1350;401
20000;401
1000;401
15000;401
4000;613
2000;613
2000;613
20000;401
1200;613
600;401
1300;613
930;469
900;469
465;469
2000;469
4000;469
5000;469
2800;469
1000;469
1500;469
1000;469
1000;469
1395;469
1550;469
3000;469
2000;469
1000;469
1000;469
1000;469
2000;469
700;469
3100;469
2000;469
600;469
1200;469
1000;469
7000;469
7000;469
1000;469
1300;469
850;469
1500;470
1500;469
5000;469
5000;469
1000;469
7000;469
5000;469
6000;469
2000;469
7000;469
1500;469
5000;469
2500;469
2800;469
800;469
1000;469
5000;469
1600;469
1300;469
2000;469
2000;469
1500;469
1500;469
3000;469
1395;469
2000;469
1400;469
3000;470
930;469
800;470
2750;469
1000;469
1200;469
4000;469
1500;469
5000;469
1300;469
1800;469
2000;469
800;469
1000;469
500;469
465;469
2000;469
1000;469
2400;470
2400;469
3200;469
3000;469
630;469
900;469
1200;469
1200;469
800;469
2000;470
600;469
10000;469
1300;470
500;469
1200;469
2000;469
3000;469
4000;469
4000;469
20000;469
5000;469
1500;469
2300;469
1000;469
480;469
2400;469
2500;469
1500;469
2000;469
1400;469
750;469
1500;469
500;469
930;469
600;469
465;469
1800;469
3500;469
7000;469
9301;469
9000;470
3000;469
3000;469
4000;469
3000;469
6000;469
5000;469
3000;469
12000;470
5000;469
3000;469
3000;469
4000;470
1200;469
1500;470
1000;469
1300;469
3000;470
4000;469
5000;469
7000;469
8000;469
2000;469
2800;469
2800;469
1000;469
3000;469
1200;470
1500;469
600;469
1800;469
2000;470
5000;469
500;469
4000;469
20000;469
14000;469
14000;469
900;508
3500;508
2500;508
800;508
2000;508
1200;508
2000;508
1000;508
2000;508
2000;508
2000;508
1500;508
1000;508
1000;508
2000;508
1300;508
3000;508
3000;618
1200;617
600;617
1200;618
7000;617
1800;617
500;618
2400;617
1400;618
500;508
15000;508
2000;508
2500;508
2500;508
8000;508
1200;508
4000;508
5000;508
3200;508
3200;508
4500;508
2000;508
2500;508
2000;508
3000;508
2500;508
5000;508
5000;509
8000;508
1200;508
2900;508
1200;508
3200;509
2000;508
2000;508
7000;508
5000;508
800;508
2000;508
1000;508
900;618
1500;617
1000;618
1800;618
2000;618
2000;617
800;618
1400;618
2800;617
465;617
1300;618
2000;509
1800;508
1500;508
2000;617
500;618
2000;508
700;618
900;617
800;617
4000;618
4000;618
2000;618
5000;617
6000;617
2500;617
1000;617
800;618
1500;508
1500;508
1000;618
500;618
1000;618
1000;618
4100;617
5200;618
1500;618
2000;617
800;618
2500;618
2300;618
8000;617
30000;617
2500;618
1000;618
800;618
1000;618
2000;617
6000;618
3000;618
2000;617
20000;618
6000;617
2000;618
2500;618
1500;617
4750;617
1500;618
7000;508
2000;509
1500;508
5000;508
5000;508
1500;508
500;508
5000;618
5000;618
4000;617
1500;617
4000;617
1600;618
2000;618
2500;617
15000;618
1500;618
4500;617
550;618
550;618
1500;617
1200;617
20000;508
5000;508
15000;508
2000;508
5000;508
3000;508
1000;508
650;508
2200;508
8000;508
6000;508
1000;508
2000;508
2000;508
4500;508
4500;508
2000;508
1000;508
1800;508
3000;508
1500;508
5000;508
1000;508
2200;508
800;508
1200;508
4000;508
3000;618
4000;508
4000;508
3400;508
5000;508
2000;509
3000;508
4000;508
10000;508
3000;508
1000;508
1000;508
4000;508
3000;508
4000;508
5000;508
1000;508
5000;508
1500;509
1500;508
3000;508
1500;618
2500;618
40000;618
40000;618
1000;618
5000;617
920;618
1200;617
950;617
498;618
3500;618
3000;618
7000;618
3100;617
4500;618
1800;617
7000;618
6000;617
1000;618
2500;618
15000;617
3500;618
3500;617
9300;617
3000;618
3500;618
5000;618
5000;617
3000;617
6000;618
5000;618
1200;618
15000;618
1500;618
10000;618
4000;617
10000;618
25000;618
10000;617
3000;617
10000;618
22440;618
10000;618
10000;618
5000;617
60000;618
10000;617
5000;617
5000;618
5000;618
35000;617
30000;618
20000;618
5000;617
4000;618
4000;617
5000;617
4000;618
2000;618
3000;618
2400;618
1000;618
3500;618
4000;618
1100;618
6000;618
700;618
500;618
2000;618
6000;618
2000;617
2000;617
3000;617
3500;618
5000;618
3000;617
1200;618
3500;617
3000;618
3000;617
2000;618
3000;617
1900;618
1000;618
4500;617
2000;618
2000;617
1500;618
2000;617
2000;617
3000;617
1500;618
3000;617
2000;618
1400;618
3500;618
3000;618
1350;618
4800;618
1100;618
6000;618
2000;618
3000;618
2500;618
1500;617
1300;618
1000;617
2000;618
1200;617
4000;618
8000;617
4000;618
4000;617
1000;617
1500;618
2500;618
8000;618
1500;617
465;618
1300;618
2000;618
2000;618
1200;618
9000;618
2000;617
2000;618
3500;617
800;618
1500;617
6000;618
5000;618
3500;618
900;618
800;618
1200;617
3500;617
3400;617
3000;617
5000;618
2000;618
3000;618
2000;618
1800;618
2500;618
2800;618
2000;617
1500;618
1500;617
600;618
1500;618
10000;618
2000;617
900;617
10000;617
10000;618
5000;618
3200;617
800;618
5000;618
40000;617
2000;618
10000;617
15000;617
15000;617
10000;617
44000;618
25000;618
1500;618
1200;618
500;617
200;618
10000;617
15000;617
15000;618
1500;618
2000;618
6000;618
1300;617
2500;617
800;618
500;617
7000;618
3000;618
1500;618
1600;618
1200;618
1000;618
2200;618
1500;618
800;617
800;618
900;618
1200;617
1800;618
5000;618
2000;618
2000;617
800;617
2000;617
800;618
3000;617
1200;618
2000;508
1300;508
3000;508
9500;508
2300;508
2000;508
1000;508
900;508
600;508
960;618
1800;618
4200;617
5200;617
2000;618
1100;617
2000;618
1600;618
1800;617
950;618
1000;618
1500;618
1200;618
2000;618
600;618
2000;508
900;509
1200;508
465;508
700;508
500;508
1000;508
4000;509
1800;508
600;508
4000;508
4000;508
800;508
4000;508
1000;508
2500;508
1200;508
900;508
600;509
3500;508
2000;508
1200;508
800;508
5000;508
3500;508
10000;508
1300;617
1300;617
2500;618
800;508
8000;618
3000;618
4500;617
12000;618
3600;617
10000;508
2300;618
8000;618
465;618
4000;618
5000;936
3000;936
12000;936
3000;936
3000;936
6000;936
7000;936
1000;936
5000;936
5000;936
4000;936
2500;936
1000;936
1500;936
3000;936
1500;936
6000;936
3000;936
800;936
500;936
850;936
2000;936
500;936
1500;936
930;936
930;936
780;936
3000;962
4000;935
1500;936
2000;936
2000;936
2000;936
700;935
1500;962
1500;962
1000;962
2300;962
3000;962
15000;961
3000;961
1200;935
2500;936
2500;936
800;936
3000;936
3000;936
800;936
1300;936
800;936
2000;936
2500;935
2500;936
1500;936
2000;936
465;936
3000;936
2000;936
1200;936
6000;936
5400;936
2200;936
2000;936
2000;936
2000;936
3000;936
1000;936
15000;936
1500;936
3000;936
5000;936
1500;936
1000;936
5000;962
2000;936
15000;936
3000;936
6000;936
1000;936
900;936
2500;936
1000;936
1500;961
3500;936
2200;935
3200;936
3000;936
3500;936
3000;936
3200;936
950;936
2000;935
4000;936
1900;936
1500;936
1000;936
1500;936
1000;936
4000;935
3000;936
3000;936
2000;935
2000;936
1000;936
1500;936
2000;936
1000;936
1500;936
6000;962
7000;962
4000;962
1500;962
2500;962
1200;936
3000;936
4000;936
3000;936
2000;962
1100;962
1600;962
1600;962
1400;962
1400;962
1200;936
4000;936
6250;936
600;936
750;936
900;962
900;962
2000;936
1500;936
1000;936
930;961
1200;936
1700;936
10000;936
20000;935
5000;936
2000;936
5000;936
5000;936
3500;936
700;936
1500;936
3000;936
10000;936
1800;936
10000;936
10000;936
5000;936
3000;936
3000;936
3000;936
1500;936
1500;936
1000;935
2000;935
2000;936
500;936
500;936
2500;936
3000;936
2000;936
2000;935
2400;936
800;936
2000;936
3500;962
5000;936
2300;936
6000;936
800;936
850;936
3000;936
3000;962
3000;962
4000;962
2320;962
1200;962
1500;962
2100;962
4000;962
3000;961
4200;962
6300;962
2400;961
2500;961
3500;961
3000;962
3200;962
2800;962
1400;962
3000;962
7500;961
2000;961
3550;961
3500;961
1500;962
3100;962
3000;962
4220;962
1500;961
1400;962
1800;962
1200;961
2000;961
1500;962
1500;962
1400;962
1500;936
5000;936
5000;935
2500;936
1860;936
1200;936
1400;935
1600;936
5000;936
5000;936
2000;936
1200;936
2000;936
5000;936
5000;936
2000;962
1500;936
3000;936
3000;936
1200;936
1600;962
3000;936
2000;935
2100;936
2000;936
3000;936
2000;936
12000;936
5000;936
4500;935
2000;936
4000;936
1020;936
1400;936
2200;936
810;935
4000;936
2000;936
4650;936
1800;936
5000;936
5000;936
6000;936
3000;936
4000;936
4000;936
1300;935
5000;936
1000;935
2500;936
2200;936
2500;936
2500;936
4000;935
2500;936
2000;936
2000;936
3000;936
1000;936
500;936
2000;935
3000;936
1500;936
10000;936
2000;936
1000;936
1500;936
1500;936
975;936
8500;935
5000;936
5000;935
10000;936
22000;936
10000;936
4600;936
5000;936
2000;936
5000;936
1200;936
400;936
7600;936
1800;936
1200;936
8000;936
7000;936
3000;936
15000;936
2000;935
1000;936
2000;936
1200;936
2500;936
1500;936
5000;936
1000;936
1500;962
5000;961
5000;962
1500;962
900;962
1000;962
1300;962
1000;962
6000;962
6000;961
600;962
250;936
5000;936
1000;962
800;962
3000;962
2000;962
3000;962
1200;961
2000;962
1000;962
4000;936
500;936
1500;936
800;936
2000;936
4000;936
1100;936
2700;962
1300;961
3000;962
1500;962
1200;962
1000;936
2500;936
3000;936
1000;936
1200;936
1200;935
5000;936
1000;936
850;936
2000;936
2500;936
1500;935
3000;936
4500;936
4500;935
8000;936
1500;936
20000;935
1500;936
1500;936
3000;936
1000;936
2000;936
10000;936
3000;935
8000;936
5000;936
1000;936
1000;936
1000;936
13000;936
1000;935
1200;935
10000;936
1500;936
2000;936
2000;936
1000;936
1000;936
1800;936
5000;962
10000;962
3500;936
3200;936
10000;936
3500;936
1500;936
900;936
930;936
1000;936
2000;936
1000;936
900;936
2000;936
2000;936
2000;936
2000;936
6000;936
6000;935
2700;936
2000;936
1500;936
2500;935
1000;936
1500;935
2000;936
2000;936
5000;936
900;936
1200;936
1000;936
2000;961
1500;961
2000;961
15000;936
15000;936
7000;936
2500;936
5000;935
5000;936
4000;935
40000;936
4000;936
2500;936
5000;936
2000;936
3000;936
5000;936
1500;936
5000;936
1000;936
2000;936
800;936
2000;936
1000;936
1000;936
1750;936
3500;936
1500;936
1500;936
1500;936
900;936
5000;936
1500;962
3000;936
1200;936
1250;935
990;936
2000;936
1500;935
800;936
1000;962
3000;961
2000;961
2000;961
1800;962
7500;962
12000;962
3000;962
1200;961
1500;962
2100;962
1500;936
2000;936
15000;936
4000;936
5000;962
12000;962
1000;962
2000;962
1300;962
1350;962
600;962
465;962
11000;961
2000;961
1100;961
1100;962
3000;962
1500;962
4000;961
20000;962
1730;961
6000;961
2500;961
2500;962
3500;962
4500;961
5000;961
2000;962
2300;962
2000;961
2000;962
5000;962
5000;962
5000;962
3000;935
600;936
2000;936
1500;936
1000;936
5000;936
1500;936
4000;936
2000;936
1200;936
1000;936
2800;936
20000;936
3500;936
3000;936
8000;936
5000;936
500;936
500;936
1500;936
3000;936
1500;936
1600;935
1600;936
900;936
1200;936
1500;935
2000;936
4000;936
6000;936
3000;935
2000;936
2000;936
2000;936
3500;936
1300;935
2000;935
2000;936
8000;936
5000;936
2000;936
2000;936
1000;936
5200;936
2800;936
4000;936
3550;936
3000;962
2000;962
4000;962
1200;961
5000;961
5000;962
2000;962
6000;962
9800;962
5700;962
4890;962
5600;962
2300;962
3000;962
4500;962
4500;961
9500;962
7000;962
6000;962
30000;962
4500;962
8000;961
8000;962
1500;962
1500;962
2000;962
5000;962
2000;961
978;961
1000;962
1800;962
2500;962
9000;962
9000;962
1000;962
1000;962
1500;962
9301;961
465;962
465;962
9301;962
9301;962
3000;961
1600;961
1500;962
300;962
5000;961
1000;962
2000;962
3500;962
3000;962
3500;962
3200;962
10000;962
2000;962
1000;962
2000;962
1000;962
800;962
1000;962
2000;962
30000;962
30000;962
20000;961
20000;962
15000;962
11000;962
4800;962
2500;961
2500;962
930;962
4000;962
2000;962
9000;962
1300;962
900;962
2000;962
1500;962
1000;962
1000;961
1000;962
6780;961
6780;962
2000;961
2000;962
2000;962
4000;962
10500;961
12000;962
5000;962
5000;962
10000;962
750;962
750;962
3000;961
925;961
9000;962
1500;962
8000;962
800;961
2500;962
1200;962
5000;962
5000;961
2000;961
1830;962
1000;961
1500;962
2000;962
1500;962
1500;961
2500;961
4500;962
500;962
5000;962
5000;962
4000;962
1200;962
8000;962
3000;962
3000;961
8200;962
1000;962
465;962
5000;962
3000;961
5000;962
1500;962
4050;962
3000;962
2200;962
3000;962
1000;961
2500;961
6200;962
4800;962
5000;961
5200;962
5700;962
1500;962
1400;962
2220;961
2220;962
3000;962
1700;961
2000;962
15000;961
1800;961
2100;962
2600;962
2000;962
1800;962
3000;962
2600;962
2500;961
2000;962
9000;962
8000;962
2000;962
2000;961
5000;962
1200;962
2200;961
15000;962
2000;962
1300;962
1400;962
1400;962
2000;962
1500;961
1500;962
6000;962
1000;962
8000;962
5500;962
12000;962
1300;962
2300;962
1800;962
5000;962
1800;961
5000;962
3500;961
5000;962
6000;962
20000;962
5000;962
5000;962
5000;961
900;961
2100;962
4000;936
7000;936
2000;936
4500;936
3000;936
1500;936
2200;936
4000;936
7500;936
3000;936
1000;936
1300;936
2200;936
4000;962
3000;962
1500;962
4000;962
4000;962
2000;962
2000;961
800;936
900;936
600;936
800;935
500;936
1400;936
3000;936
2000;936
2400;936
7000;936
600;936
4000;936
4000;935
500;936
2500;935
2200;936
1700;935
1200;936
5000;936
800;936
1000;936
6000;936
3000;936
1500;961
2500;936
30000;936
1800;936
1000;936
1800;936
1500;935
2000;936
1000;936
3500;936
1500;936
1500;936
1500;935
1500;936
2000;936
3000;936
2000;936
1000;936
700;936
3000;936
3000;936
15000;936
5000;936
5000;936
3000;936
5000;936
5000;936
5000;936
4000;936
1500;961
900;936
1000;936
1500;936
2000;936
2000;936
1500;936
1000;936
1000;935
2000;936
3000;936
15000;936
1500;936
700;936
1000;936
18000;936
3800;962
4300;962
2800;962
5000;936
4500;936
2500;936
7000;936
1900;936
4500;962
2000;935
3100;962
30000;962
2000;962
8000;962
1000;401
1500;401
3000;634
750;634
750;634
1800;634
6000;634
1000;634
2000;634
2000;634
1800;634
500;634
4600;634
2500;634
2500;634
1600;634
1200;401
4000;401
3500;401
900;634
1200;634
3000;400
3000;400
1000;401
1000;400
1200;634
1000;634
600;634
3500;634
7000;634
15000;634
10000;634
8000;634
5000;634
5000;634
8000;634
8000;634
3500;634
8000;634
9000;635
13000;634
3500;634
2200;634
3000;634
2800;634
3500;634
1950;634
5000;634
3900;634
5000;634
2000;634
2000;634
3000;634
1900;634
2500;401
12000;401
1700;401
485;400
1200;400
800;401
6000;634
1500;634
10000;634
4000;634
500;634
900;634
1000;635
2500;634
3000;634
5000;634
1200;634
500;634
750;634
465;634
3000;634
1000;401
3500;400
5000;634
6000;634
3500;634
2500;634
850;634
2000;401
3000;400
1000;401
7000;400
7000;400
1700;401
5000;400
5000;400
5000;401
2000;401
900;401
1000;401
12000;401
5000;401
3000;401
5000;401
2000;400
2000;401
1500;401
1000;400
3000;401
2000;400
6000;401
6000;400
9500;401
4000;400
9000;400
8000;401
7500;400
3000;400
20000;401
3000;400
3000;401
3000;400
3000;400
3000;401
3000;401
9500;401
5000;401
4000;400
10000;401
3000;400
1500;401
1500;401
3600;401
10000;401
3000;401
20000;400
4000;401
4000;400
1000;401
1000;401
3200;401
1500;401
1000;400
1500;401
3000;400
1000;401
2000;400
2000;400
2500;400
500;400
2000;401
600;401
3900;401
5000;401
2000;401
2000;400
3000;401
2500;400
2500;401
2000;400
4000;400
4000;400
50000;401
2500;401
50000;400
10000;401
9000;401
1200;400
4000;401
3000;400
3000;401
3200;400
1500;400
3000;401
1000;401
2500;401
10000;401
20000;401
2000;400
3000;400
2000;401
6000;400
6000;401
18000;400
500;400
1700;400
1700;401
1000;400
1300;401
3500;401
2500;400
1500;401
2700;400
7000;401
10000;401
6000;400
5000;400
2000;401
10000;401
4000;401
5000;401
200;401
200;401
3000;400
5000;401
2000;400
3000;400
2700;401
4000;401
1000;401
2500;400
3000;400
15000;401
4000;401
3500;401
2000;400
1500;400
500;401
800;400
1800;400
35000;401
500;400
2700;401
3000;400
5000;401
2000;401
1500;400
800;400
2500;400
900;401
1000;401
1500;401
1200;401
465;400
1200;400
1200;401
1500;400
3000;400
1500;400
1500;401
3500;401
3000;401
1500;400
600;401
1500;400
1500;401
1500;634
1000;634
1500;634
500;634
5000;400
5000;401
700;401
4000;634
9000;635
12000;634
10000;634
6000;634
3500;634
3000;634
550;634
1000;634
4000;634
4000;634
10000;634
2000;634
1800;634
3000;634
800;634
1200;634
350;634
1500;634
600;634
850;634
500;634
930;634
6222;634
3000;634
1200;634
1000;634
1700;634
2400;634
600;634
1200;634
3000;634
1000;634
9000;634
2000;634
1000;634
2000;634
1000;634
4500;634
2000;634
5000;634
800;634
1000;634
2000;634
1000;634
1800;635
2000;634
5000;634
3000;634
1500;634
600;634
800;634
7000;634
1900;634
950;634
900;634
1500;634
700;634
800;634
1500;634
600;634
2000;634
2000;634
2000;634
2500;634
3000;634
3000;634
3000;634
3000;634
12000;634
10000;634
1400;634
4000;634
1500;634
1500;634
2000;634
1200;634
2000;634
10000;634
7500;634
2000;634
1900;634
2500;634
2300;634
1000;634
4100;634
700;634
1300;634
1500;634
1500;634
2500;634
6000;634
1200;634
9000;634
2000;634
9300;634
4000;634
6000;634
4000;634
3000;634
1500;634
2000;634
2000;634
3000;634
4000;634
5000;634
5000;634
1500;634
1000;634
1000;634
1500;634
3000;634
4500;634
1200;634
1500;634
600;634
1000;634
1000;634
465;634
465;634
1000;634
5000;634
2000;634
3000;634
7000;634
3000;634
1500;634
1000;634
1500;634
600;634
1800;634
3000;634
1300;634
1500;634
2000;634
465;634
1600;634
3000;634
1500;634
6000;634
1500;634
1000;634
1000;634
2000;634
2000;635
1000;634
1000;634
5000;634
2325;634
2000;634
4000;634
1200;634
1500;400
1500;400
1500;400
2500;400
2500;400
2500;401
1500;400
5000;400
2000;401
1000;400
1000;401
4200;634
1200;634
2000;634
10000;634
3000;634
5000;634
3000;635
1300;634
1500;634
3000;635
1900;634
9400;634
1900;634
2500;634
1200;634
465;634
930;634
3000;634
1000;634
1500;634
1000;634
1300;634
600;634
2500;634
2500;634
1600;634
2000;400
500;401
2000;401
1500;401
1500;634
2500;634
2000;634
2000;634
2500;634
3000;634
6000;634
930;634
2800;634
3000;400
1000;401
1000;401
1000;401
3000;401
4500;401
5000;400
5000;400
1500;401
2000;401
500;401
1500;400
3500;400
2000;401
800;634
3000;634
2500;634
3000;634
1100;634
2000;634
465;634
2000;634
2000;634
2000;634
4000;634
5000;634
465;634
1500;634
2000;634
10000;634
1500;634
800;634
3000;634
1500;634
3000;634
1500;634
1800;634
2500;634
2500;634
700;634
930;634
4000;634
2000;634
1000;634
5000;634
5000;634
600;634
800;634
5000;634
1000;634
1850;634
3000;634
2500;634
1500;634
1300;634
1200;401
9000;634
4000;634
8000;634
1500;634
15000;401
15000;401
2500;597
3000;597
18000;597
9000;597
1700;597
1000;597
1200;597
5000;597
4500;597
8000;597
1500;597
3000;597
1000;597
5000;597
8000;597
2000;597
4000;597
2000;597
2300;598
7000;597
3500;597
2000;597
480;597
2500;597
5000;597
1400;597
1500;597
2000;597
1200;597
465;597
4000;597
2000;597
600;597
465;597
1500;597
3500;597
2500;597
5000;597
2500;597
5000;597
3000;597
5000;597
10000;597
2000;597
8000;597
3500;597
1500;597
800;597
1300;597
1000;597
700;597
1200;597
1200;597
2800;597
2500;597
1000;597
6000;597
1600;597
500;597
1500;597
1500;597
2300;598
1200;597
2000;597
2800;597
5000;597
5000;597
1800;597
3000;597
1200;597
880;597
4000;597
4000;597
3000;597
2000;597
10000;597
600;597
600;597
1250;597
1500;597
2800;597
3000;597
1500;597
1000;597
2000;597
2500;597
2000;597
2000;597
2000;597
1200;597
1500;597
3000;597
4500;597
4500;597
4000;597
4500;597
4500;597
5000;597
6000;597
3000;597
3000;597
1300;597
900;598
3000;597
7000;597
3000;597
1000;597
3000;597
2500;597
2000;597
10000;597
1000;597
4000;597
4000;597
900;597
5000;597
2000;597
2000;597
2000;597
5000;597
6000;597
3000;598
3000;597
700;597
1200;597
1200;597
1200;597
6000;597
1000;597
3000;597
800;597
930;597
465;597
1200;597
3500;597
1000;597
3000;597
6500;597
6000;597
2000;597
2500;597
2500;597
5000;597
12000;597
3000;597
3000;597
2500;597
2500;597
2000;597
20000;597
5000;597
5500;597
4000;597
2000;597
10000;597
3000;597
5000;597
10000;597
3000;597
150000;597
20000;597
3500;597
4000;597
4000;597
3000;597
5000;597
2500;597
3000;597
1500;597
3500;597
3000;597
2000;597
2000;598
10000;597
5000;597
5000;597
2500;597
4651;597
12000;597
3500;597
3200;597
4500;597
14000;597
2500;597
4500;597
800;597
2000;597
4000;597
4000;597
3000;597
5000;597
3000;597
1500;597
1500;597
5000;597
500;597
2500;597
6000;597
465;597
465;597
3000;597
1000;597
9000;597
6000;597
5000;597
5000;597
8000;597
6000;597
8000;597
8000;597
2000;597
2000;597
2500;597
500;597
500;597
465;597
3000;597
1450;597
3000;597
2000;597
2000;597
1200;597
1600;597
4000;597
780;597
1500;597
2000;597
450;597
2000;598
1000;597
1000;598
5000;597
1500;597
600;597
3000;597
1500;597
2100;598
1500;597
1500;597
4200;597
2000;597
1500;597
2500;597
600;597
15000;597
3000;597
2000;597
1200;598
8000;597
2000;597
20000;597
1300;597
5000;597
4500;597
5000;597
2000;597
2500;597
2000;597
2000;597
900;597
900;597
900;597
3000;597
1500;597
1100;597
1400;597
800;597
2000;597
3000;597
1000;597
2000;597
3000;597
2000;597
2500;597
4000;597
1500;597
600;597
2000;597
1200;597
15000;597
3000;597
2500;597
1500;597
450;597
300;597
2000;597
1000;597
1500;597
3500;597
600;597
2000;597
2500;597
930;597
930;597
1500;597
2000;597
500;597
10000;597
3000;597
3000;597
12000;597
2000;597
465;597
5000;597
5000;597
5000;597
5000;597
465;597
1300;597
800;597
4000;597
2200;597
6000;597
4000;597
1000;597
15000;597
2000;597
3800;597
9000;597
1000;597
4000;597
1000;597
10000;597
2500;597
10000;597
1800;597
10000;597
7000;597
2000;597
2000;597
2000;597
6000;597
5000;597
10000;597
2500;597
800;597
1300;597
4000;593
1600;593
2000;226
2500;226
1000;227
1000;227
1800;227
800;227
4000;226
2000;227
800;227
2000;227
3500;227
800;227
3000;594
3000;594
1300;593
800;593
7000;594
3500;593
5000;593
1500;594
7000;593
5000;594
5000;593
465;594
2000;593
2000;594
2000;593
1000;593
2000;594
2000;594
1600;593
1000;594
1000;593
900;594
3800;593
350;593
1000;594
10000;227
6000;227
900;226
1200;227
465;227
1300;226
900;226
2500;227
1000;227
1500;226
4000;593
4000;593
1000;594
400;593
5000;594
500;594
1200;593
2000;594
3000;593
2000;226
1000;227
1000;227
800;227
3500;226
1000;227
2000;227
900;227
600;227
1500;226
400;226
1000;227
1000;227
1900;226
2500;227
2000;226
2000;227
3500;227
3000;226
8000;227
2500;227
2400;226
750;227
4000;227
4500;226
3000;227
1200;226
1200;227
1000;227
5000;226
1700;226
50000;227
2500;226
1000;226
600;594
2500;593
5000;593
2000;594
2000;593
2000;594
2000;593
3000;593
2000;594
3500;594
10000;594
6000;594
4500;594
5300;594
3500;594
11400;594
8500;594
1500;593
1500;594
10000;593
10000;594
2500;594
5000;594
3500;594
2000;594
4000;594
800;593
2000;227
2000;227
3000;594
240;594
500;594
1700;594
4000;593
7000;594
1500;227
900;227
3000;227
4500;227
500;227
1200;226
500;226
3500;227
8000;226
5000;227
4800;227
4000;227
600;227
2000;227
3000;226
5000;227
800;227
2000;226
2000;227
1500;226
3000;594
3000;594
2000;593
2500;594
2000;594
1200;594
5500;593
2000;594
3000;593
5000;593
4000;594
1500;594
2700;594
2000;594
4000;593
1200;593
2500;594
1860;593
1000;594
5000;594
3000;594
3000;594
700;593
600;594
14000;593
5000;594
1500;594
540;593
540;594
3500;227
3000;227
2000;227
6000;226
2500;227
4650;227
5000;227
3000;226
7000;227
1500;227
1246;227
3000;227
1200;227
1500;227
5000;227
1300;227
750;226
1000;227
4000;227
4100;227
2500;227
3000;227
2000;227
1500;227
1500;227
3000;227
2000;227
465;227
1000;594
2000;594
2000;594
1000;594
10000;593
10000;593
1000;594
6000;594
2000;593
5000;594
1395;593
600;593
1500;594
3000;593
800;594
2500;593
1400;594
4000;594
800;594
1500;594
3500;594
1000;594
1200;593
2000;594
650;594
1250;593
680;593
1000;593
500;594
500;594
1200;594
400;594
1000;594
2000;593
2000;594
1350;226
2000;227
1500;594
2000;594
1300;593
476;593
3500;593
3000;593
2600;594
1500;593
1200;594
6000;594
500;594
1300;594
1300;594
930;594
1300;594
2000;227
3000;227
3000;227
800;226
3500;226
700;227
1800;227
1500;227
2000;594
2000;594
2000;594
1500;594
2000;226
1000;227
3000;226
1500;227
2500;226
2500;227
1500;594
3000;594
18000;594
800;594
1000;593
1000;227
4000;227
3000;227
10000;227
10000;227
2000;227
2500;227
5000;226
600;227
600;227
10000;227
12000;226
1200;227
2000;227
1000;226
2500;227
465;227
8500;227
1200;227
1000;227
2000;227
1000;227
1300;227
4000;227
1000;227
250;227
1500;227
1500;227
4000;226
850;227
1200;227
1400;227
1500;227
5000;227
4000;227
1000;227
1200;594
1200;594
1500;593
1300;594
3400;593
3000;594
1000;594
2000;227
1200;226
550;227
1000;227
3000;227
5000;227
1800;227
1100;227
2000;227
1500;227
1200;227
15000;593
3500;594
3000;594
2500;594
6000;593
9500;593
2000;593
6500;593
1200;594
1200;594
4000;593
3800;594
3000;594
700;594
700;594
1000;594
1000;594
2000;593
2000;594
1000;594
5000;594
5000;594
3000;593
20000;594
950;593
1500;594
1390;594
1395;594
3500;593
2000;594
1400;593
1000;593
4000;593
470;594
234;593
1300;594
1500;593
700;594
5000;594
4000;594
1000;593
1200;594
800;594
900;593
700;594
3000;593
1200;594
500;594
500;594
2500;227
2000;227
3100;227
1850;227
4000;227
1800;227
2800;227
3500;227
3500;227
1000;227
1500;227
9600;227
3000;227
3000;227
7000;227
5000;227
10000;227
1500;227
1200;227
5000;227
3500;227
20000;227
700;227
1500;227
1780;227
3000;227
2550;226
3000;227
2100;227
2000;227
2000;227
12000;226
2000;227
1500;227
1500;227
3500;226
1000;227
2000;227
4500;227
4900;227
7900;227
4500;227
4000;226
1500;227
5000;226
1200;227
1200;227
4000;227
3000;227
1100;227
3000;227
3000;227
3000;226
650;227
3000;227
600;227
1100;227
2100;227
3000;227
3000;226
3000;227
3000;227
3000;227
2400;227
2500;227
200;226
1000;227
6000;227
1000;227
5000;227
8000;226
8000;227
4000;227
4500;226
2500;226
3500;227
5000;227
15000;227
465;227
4500;227
1800;227
1000;226
1000;227
2000;227
1100;227
4500;227
10000;227
500;227
1000;227
3800;227
1500;226
1000;227
1000;227
4300;227
2200;226
3200;227
1100;227
12000;226
1300;227
36000;227
3000;227
14900;227
3000;227
3000;227
10000;227
20000;227
1500;226
10000;227
12000;226
2000;227
10000;227
1600;227
2500;226
4000;227
2000;227
5000;227
5000;226
3500;227
8000;227
1800;227
22000;227
4500;227
3000;226
6000;227
3000;226
3000;227
4000;226
2000;227
1000;227
800;227
800;227
1500;227
2000;226
2000;226
900;227
3000;227
3000;226
800;227
15000;227
5000;227
1000;227
1500;227
10000;226
3000;227
2000;227
4500;227
4000;227
15000;226
3000;227
1500;227
2000;227
1000;227
1500;227
1500;226
2500;227
2500;226
2200;227
1500;227
5000;227
1300;227
5000;227
2000;226
2000;227
1500;227
1200;227
2000;227
2900;227
1800;227
2000;226
4000;227
3000;227
2000;227
6000;593
1000;593
2500;594
1500;594
3000;594
2000;594
600;594
1300;594
2235;593
2400;593
6000;593
1400;594
7000;594
2500;593
3500;594
3000;593
3000;593
1000;593
10000;594
2500;594
8000;593
2500;594
4000;593
2000;227
1800;227
1800;227
1500;226
2000;594
3600;593
2000;593
2000;593
900;594
1500;593
1600;594
2000;593
1100;594
2000;593
4000;594
7000;594
1500;594
2900;594
1500;226
2500;227
4500;594
1000;593
600;594
800;594
5000;227
2000;227
2000;227
3500;226
5000;227
1500;227
5000;227
5000;227
960;227
2050;227
230;227
1020;227
3100;227
3100;226
810;227
3400;226
3000;227
3000;226
1000;227
3000;227
2000;227
3000;227
1000;227
900;227
900;227
500;594
1000;593
1200;227
1200;227
3000;226
1500;227
1500;226
1500;226
1000;227
3000;226
1200;227
900;227
1000;227
2250;227
8000;227
4000;227
3000;227
2000;227
4500;227
2000;227
2500;593
1500;593
1500;594
1000;594
1500;593
1500;226
8000;226
3000;227
3000;227
9500;227
2000;227
1480;226
1300;227
1000;594
1000;593
4000;594
1800;594
1500;594
500;594
1500;593
1500;593
20000;227
1000;226
4000;594
2000;594
1500;594
5000;594
1750;593
2000;594
930;593
4000;593
5000;594
2000;594
2000;593
4000;594
1500;593
2000;594
800;593
1200;594
1000;227
2500;227
10000;226
2000;227
2500;227
3500;227
10000;227
4500;227
5000;227
2000;226
7000;227
4000;227
2000;226
6000;227
1200;227
465;227
900;227
2800;226
2000;227
2300;227
4000;226
1800;227
1500;227
2300;593
1500;227
1500;227
3000;227
1500;227
750;593
1000;227
200;226
1000;227
3000;227
1500;227
900;594
3000;227
1000;227
1000;226
9000;227
2500;226
3000;227
1000;227
2000;593
2000;593
6000;227
3000;594
3000;226
6000;226
6000;227
1200;227
1200;226
3000;227
5000;306
2000;307
2000;306
900;307
1500;306
1500;306
6000;306
4500;306
3000;306
3200;306
3000;306
1000;307
3250;306
3250;306
3000;306
2000;306
8000;306
1000;307
1500;306
2200;306
900;306
1500;306
3000;307
3000;306
2000;306
3500;307
650;306
1500;306
6000;306
1800;307
3500;306
2000;306
6500;307
1500;306
1500;306
1500;306
20000;306
4000;306
3000;306
7000;306
15000;306
600;306
2000;307
2000;306
10000;307
4000;306
2000;307
30000;306
5000;306
3000;307
1000;307
1000;307
1500;307
800;306
1500;306
1400;307
1200;307
2500;306
8000;306
2000;306
500;307
1000;306
2500;307
1000;307
10000;307
1200;306
2500;307
1500;307
4600;306
4000;306
2500;306
1000;307
2000;306
15000;306
15000;306
1500;306
9000;306
2000;306
1500;307
2000;307
2500;306
1750;306
1750;306
3000;306
3000;307
1500;307
1500;306
3000;307
1300;307
1300;307
1300;306
2000;306
3000;306
3000;306
1500;307
10000;306
1500;306
1000;307
980;307
1600;307
5000;306
2500;307
1000;307
1700;306
1200;306
700;306
2000;306
10000;307
1500;306
1000;306
2000;306
1400;306
1400;307
1400;306
1500;306
1600;306
1500;307
1500;306
500;306
2350;306
5000;306
3000;306
1500;307
800;307
360;306
3000;306
2500;307
1200;307
3000;306
3500;306
500;307
1800;307
3000;307
800;307
800;307
300;307
2000;306
1100;306
2000;306
5000;306
5000;307
2500;306
2500;306
1500;307
600;306
2600;306
500;306
2500;307
1000;307
3000;306
5000;307
1500;307
2000;307
700;306
600;306
1290;307
1500;306
1000;307
800;307
8000;306
8000;307
500;306
4500;306
4000;306
400;307
1500;306
1500;307
1200;306
1000;307
30000;306
5000;306
5000;306
1800;307
1200;307
1300;306
3000;307
1500;306
465;306
6000;306
700;306
1600;306
700;306
1500;306
3200;307
1000;307
14000;306
1500;306
1000;307
1200;306
3000;306
1500;306
2500;306
700;307
1500;306
800;306
1000;306
1500;396
1500;395
2326;395
800;395
1500;396
1300;395
3000;395
5000;395
700;395
2000;395
1800;395
4600;395
1700;395
2500;395
800;395
1200;395
1200;395
465;395
3000;395
3000;395
900;395
1000;395
1800;396
3000;395
2000;395
1000;395
466;395
1000;395
900;395
900;396
1000;395
3000;395
3000;395
600;395
900;395
3000;395
18000;395
4100;395
3000;396
2000;395
12000;395
1500;395
1200;395
2500;395
1000;396
1500;396
3000;395
1300;395
4200;395
5000;395
3000;395
5000;395
5000;395
8000;395
2200;395
5000;396
3000;395
1500;395
4000;395
2500;395
1000;395
3000;396
5000;396
1500;396
1000;395
1500;395
2000;395
930;395
2000;395
13000;395
3000;395
4500;396
12000;396
1500;395
1200;396
2000;395
465;395
3500;395
2500;395
2500;395
1500;395
30600;395
6000;395
1500;395
3500;395
4000;395
3000;395
2000;395
2000;395
2000;395
1500;395
1200;395
1200;395
3000;395
2500;395
3000;395
2000;395
4000;395
3000;395
2500;395
1200;395
2350;395
2400;395
2000;395
4000;395
2000;395
6000;395
2500;395
4000;395
1200;395
2000;395
2000;395
7000;396
1500;395
8000;395
2500;395
3000;395
1200;395
5000;395
3000;395
2000;395
1500;395
2000;395
500;395
500;396
2000;396
3000;395
500;395
3000;395
700;396
700;395
930;396
6000;395
1000;395
1100;395
1000;395
1500;395
1500;395
1500;395
2000;395
3000;395
1000;395
5000;395
2500;395
1300;395
10000;396
10000;395
12000;395
5000;396
1200;395
750;395
1500;395
1800;395
5000;396
500;352
1500;353
465;352
6000;352
500;352
30000;352
1000;352
1000;352
7000;352
800;352
4000;352
1250;352
5000;352
1500;352
3500;352
2000;352
12000;352
3000;352
2000;352
1000;352
465;352
1500;352
300;352
720;352
1400;352
2000;353
3000;352
1500;352
1500;352
2000;353
1200;352
2000;352
10000;352
10000;352
7000;352
800;352
1600;352
2000;352
2000;352
2000;352
1500;352
465;352
2000;352
5000;352
2000;352
5000;352
5500;352
1000;352
3000;352
3000;352
9000;352
15000;352
15000;353
8000;352
5000;352
5000;353
1500;353
1200;352
2000;352
1500;352
2500;352
1400;352
6000;352
5000;352
5000;352
2300;352
800;352
4200;352
5000;352
2000;352
1200;352
7000;352
1000;353
2500;352
2000;352
530;353
1300;352
465;352
1500;352
3000;352
3000;352
6000;353
30000;352
2000;352
3000;352
2500;352
3000;353
1500;352
15000;352
3500;352
4000;352
1200;352
4000;352
2000;352
2500;352
2300;352
3000;353
10000;352
10000;352
1500;352
3000;352
8000;352
6000;352
1200;352
2000;352
700;352
2100;353
1300;352
3000;353
3000;352
1200;352
1100;352
1100;353
4950;352
5000;352
930;352
1500;352
2000;352
2500;352
600;352
5000;352
2000;352
4000;353
700;352
1500;352
5000;352
3000;352
1500;352
1500;352
3000;352
600;352
4000;352
2500;352
1300;352
5000;352
2000;352
2000;352
2500;352
14000;352
4800;352
4000;352
7000;353
10000;352
90000;352
5000;353
700;352
2500;352
4000;352
3000;352
1500;352
2100;352
750;352
750;352
3000;352
2000;352
2000;352
3000;352
500;353
2000;352
2000;352
1800;352
6000;352
500;352
4000;352
1500;352
600;352
4000;352
1300;352
1000;352
2000;352
7000;352
1500;352
1500;352
2300;352
1500;352
1000;352
20000;352
1500;352
465;352
3500;352
3500;352
800;353
465;352
1500;352
1500;352
2000;352
1000;352
1000;352
500;352
1000;352
1395;352
2000;352
932;352
1300;352
6000;352
3000;352
586;353
3500;352
1630;353
1500;352
6000;353
3500;352
10000;352
5000;352
1000;352
900;352
1400;352
4500;352
2500;352
2500;352
2500;352
1000;352
1000;352
500;352
500;352
1000;352
2500;352
14000;352
1000;352
800;352
2000;352
4500;352
2500;352
800;352
3000;352
1500;352
2420;353
2420;353
950;352
30000;352
1000;352
3000;352
14000;352
14000;353
2500;352
14000;352
500;352
900;352
15000;352
950;352
2400;352
5000;352
4500;352
465;352
700;352
600;353
1000;352
2000;352
10000;352
3000;352
1500;353
1500;352
2500;353
2100;352
2200;352
1000;352
1200;352
1500;352
2000;353
3000;352
18000;353
1800;352
4000;352
10000;352
4000;352
3500;352
4500;352
3800;352
1500;352
5000;352
1500;352
1000;352
1000;352
465;353
600;353
600;352
1550;352
550;352
2000;352
600;352
1500;353
6000;352
700;352
3000;353
900;352
700;352
465;352
250;352
1000;352
2500;352
2000;352
2000;352
1600;352
2500;352
1000;352
1500;352
6000;352
8000;352
400;352
1000;352
4000;352
8000;353
465;352
465;352
1200;352
2400;352
3600;352
500;352
500;352
3000;352
5000;352
2500;352
3000;353
6000;352
1000;352
7000;352
1400;352
3500;352
3000;353
1000;352
4000;353
4500;352
3500;353
5000;352
2000;352
2000;352
2500;352
15000;352
5000;352
2200;352
1000;352
3000;353
3000;352
8000;352
1400;352
1500;352
2000;352
1500;352
750;353
750;352
500;352
1000;352
4000;352
3060;352
4000;352
2500;352
5000;352
10000;353
6500;352
8500;352
5000;352
10000;352
10000;352
2000;352
2000;352
3200;352
4500;352
10000;225
8000;224
8500;224
6000;225
10000;224
1300;224
10000;225
20000;224
20000;224
1000;224
2400;224
4000;224
1800;224
5000;224
1500;224
15000;225
3000;225
4000;224
7000;225
9400;225
25000;224
3000;225
5000;224
2500;224
5000;224
4000;224
5000;224
5000;225
5000;224
2500;224
1200;224
5000;225
500;224
3000;225
2100;225
5000;225
3000;224
6000;224
12000;224
4000;224
3000;224
8000;224
10000;224
4500;224
3000;225
3400;225
3000;224
1500;224
5000;224
5000;224
2000;224
10000;224
3500;225
7500;224
3000;225
932;224
2000;224
2300;225
6000;224
465;224
1800;225
2000;225
2000;225
1400;224
2500;224
3000;225
650;224
4000;224
1000;224
1200;225
4000;224
1200;225
7000;224
4000;224
2000;224
500;224
2000;225
2000;224
2000;225
1800;225
5000;224
1000;224
3000;225
5000;225
4000;224
10000;224
1500;225
2000;224
4000;225
10000;224
2000;224
1000;224
5000;224
2000;225
2000;224
500;224
2400;224
2000;224
1000;224
2000;224
500;225
3800;224
2000;225
1200;225
800;225
2000;224
1500;224
2300;224
1000;224
3000;224
3000;225
2000;224
2000;225
3400;224
7000;224
6000;224
600;224
2800;224
3000;225
3000;224
7000;224
1000;224
3000;225
5000;224
4650;225
6000;224
2000;224
2000;224
2000;225
10000;225
1100;224
5000;224
25000;225
1000;224
31000;224
2000;225
3500;224
2000;225
2000;224
3000;224
3000;224
930;224
2000;225
2800;224
800;224
1500;224
5000;224
2000;224
2000;224
1500;225
3000;224
3000;224
3000;224
6000;225
800;225
3000;224
5000;224
2000;224
1800;224
2000;224
3000;224
3000;224
2000;224
3000;225
5000;224
1100;225
3000;224
5000;225
1500;224
1300;225
4000;224
2000;225
2000;225
8000;225
5000;224
2000;225
6000;224
8000;225
1200;224
5000;224
12000;225
5000;224
9000;224
9000;224
20000;224
2400;225
3000;224
4000;225
1600;225
1500;225
4000;225
8000;225
40000;224
12500;224
12500;225
